area_code,year,regulatory_burden_level
ITA,2002,0.9037023
ITA,2003,1.0274005
ITA,2004,1.0001336
ITA,2005,0.9062855
ITA,2006,0.9347533
ITA,2007,0.9144553
ITA,2008,0.8886584
ITA,2009,0.7953389
ITA,2010,0.7462046
ITA,2011,0.4856351
ITA,2012,0.4822093
ITA,2013,0.4880841
ITA,2014,0.3783433
ITA,2015,0.5869675
ITA,2016,0.6337422
ITA,2017,0.6356778
ITA,2018,0.5602677
ITA,2019,0.7011105
ITA,2020,0.4717415
ITA,2021,0.5735641
ITA,2022,0.6011866
ITA,2023,0.695748
ITA,2024,0.6401491
