area_code,year,rd_innovation_incentives
ITA,2001,1.03714
ITA,2002,1.07704
ITA,2003,1.05539
ITA,2004,1.04662
ITA,2005,1.04057
ITA,2006,1.07903
ITA,2007,1.12421
ITA,2008,1.15548
ITA,2009,1.21261
ITA,2010,1.21296
ITA,2011,1.19531
ITA,2012,1.25559
ITA,2013,1.29425
ITA,2014,1.33148
ITA,2015,1.33213
ITA,2016,1.35915
ITA,2017,1.36393
ITA,2018,1.41934
ITA,2019,1.45558
ITA,2020,1.49869
ITA,2021,1.41065
ITA,2022,1.36563
ITA,2023,1.37935
