area_code,year,business_density
ITA,2006,2.27340823256518
ITA,2007,2.36628006931861
ITA,2008,2.26824096276809
ITA,2009,2.14234895165451
ITA,2010,2.25119562656931
ITA,2011,2.06361252974946
ITA,2012,1.95451362140658
ITA,2013,2.14107545396661
ITA,2014,2.33746223825581
ITA,2015,2.56210916707351
ITA,2016,2.6268850282368
ITA,2017,2.85669435923832
ITA,2018,2.97315454001467
ITA,2019,2.88434766798569
ITA,2020,2.45627723368989
ITA,2021,3.01120149525101
ITA,2022,2.84827984537397
